num_user	filter_user_criteria	num_item	filter_item_criteria	Lemmarization	filter_by_type	num_keyPhrases	freq_filter	Clicks	NDCG	Precision@10	R-Precision	Recall@10
10000	num_unique_words_in_reviews	8000	num_unique_words_in_reviews	TRUE	TRUE	100	300	(4.9461322081575245, 0.009760970305811441)	(0.004610594008726256, 0.0009585766975849081)	(0.001160337552742616, 0.00020991118863179447)	(0.0017231347531980442, 0.000685060517524309)	(0.008623627017614358, 0.0017019097474267602)
10000	num_unique_words_in_reviews	8000	num_unique_words_in_reviews	TRUE	FALSE	100	300	(4.9483516483516485, 0.009550748634586461)	(0.00467230210272276, 0.0010132576129099344)	(0.0011166253101736973, 0.0002059648741223648)	(0.0021271163552269543, 0.0007819604057194799)	(0.00815187117030435, 0.0016562324700781033)
10000	num_unique_words_in_reviews	8000	num_unique_words_in_reviews	FALSE	TRUE	100	300	(4.959818783760237, 0.008502886214391442)	(0.004267221468392564, 0.0010564113277327604)	(0.0008538072834988674, 0.00018034152408865405)	(0.002536190068861266, 0.0009310332536590802)	(0.006723911506974759, 0.0015334832030230242)
10000	num_unique_words_in_reviews	8000	num_unique_words_in_reviews	FALSE	FALSE	100	300	(4.945341506129598, 0.009784793538733098)	(0.004658654196734636, 0.0009644939978675436)	(0.001243432574430823, 0.0002292624683655978)	(0.0017902689837891238, 0.0006784317267957952)	(0.008732976014061828, 0.0017132641242404009)
10000	num_unique_words_in_reviews	8000	num_unique_words_in_reviews	FALSE	FALSE	50	300	(4.933921326512612, 0.010720633374591008)	(0.005478726930011394, 0.0010667858728457462)	(0.001499382607161757, 0.00024659403228870355)	(0.0020394963418424346, 0.0007809479127051255)	(0.010012683852867306, 0.0018185851364413523)
