model,rank,num_layers,train_batch_size,predict_batch_size,lambda,topK,learning_rate,epoch,negative_sampling_size,Clicks,MAP@10,MAP@15,MAP@20,MAP@5,MAP@50,NDCG,Precision@10,Precision@15,Precision@20,Precision@5,Precision@50,R-Precision,Recall@10,Recall@15,Recall@20,Recall@5,Recall@50
CVNCF,250,1,128,128,0.006667,,0.005,300,10,"[3.0956, 0.0529]","[0.0337, 0.002]","[0.0307, 0.0016]","[0.0285, 0.0014]","[0.0385, 0.0028]","[0.022, 0.0009]","[0.1162, 0.0044]","[0.0271, 0.0013]","[0.0234, 0.001]","[0.0212, 0.0009]","[0.0323, 0.002]","[0.0151, 0.0005]","[0.0414, 0.0036]","[0.1046, 0.0061]","[0.1322, 0.0067]","[0.1551, 0.0071]","[0.0647, 0.005]","[0.2645, 0.0086]"
CVNCF,200,1,128,128,0.006667,,0.005,300,10,"[3.1108, 0.0527]","[0.0322, 0.0019]","[0.0296, 0.0016]","[0.0277, 0.0014]","[0.0354, 0.0025]","[0.0216, 0.0009]","[0.1113, 0.0039]","[0.0265, 0.0013]","[0.0234, 0.001]","[0.0212, 0.0009]","[0.033, 0.002]","[0.0152, 0.0005]","[0.0304, 0.0026]","[0.1045, 0.0061]","[0.1321, 0.0067]","[0.1548, 0.0071]","[0.0676, 0.0051]","[0.266, 0.0086]"
CVNCF,150,1,128,128,0.006667,,0.005,300,10,"[3.0785, 0.053]","[0.0322, 0.002]","[0.0298, 0.0016]","[0.0279, 0.0014]","[0.0354, 0.0027]","[0.0217, 0.0009]","[0.1161, 0.0044]","[0.0277, 0.0013]","[0.0233, 0.001]","[0.0214, 0.0008]","[0.0301, 0.0019]","[0.0154, 0.0005]","[0.0392, 0.0036]","[0.1085, 0.0062]","[0.1341, 0.0068]","[0.1579, 0.0072]","[0.0614, 0.0049]","[0.2695, 0.0087]"
CVNCF,100,1,128,128,0.006667,,0.005,300,10,"[3.0905, 0.0526]","[0.0333, 0.002]","[0.0305, 0.0016]","[0.0284, 0.0014]","[0.0381, 0.0028]","[0.0219, 0.0009]","[0.1175, 0.0044]","[0.0267, 0.0013]","[0.0235, 0.001]","[0.0212, 0.0009]","[0.0313, 0.002]","[0.0153, 0.0005]","[0.041, 0.0036]","[0.1039, 0.0061]","[0.132, 0.0067]","[0.1545, 0.0071]","[0.0652, 0.005]","[0.27, 0.0087]"
