model,rank,num_layers,train_batch_size,predict_batch_size,lambda,topK,learning_rate,epoch,negative_sampling_size,Clicks,MAP@10,MAP@15,MAP@20,MAP@5,MAP@50,NDCG,Precision@10,Precision@15,Precision@20,Precision@5,Precision@50,R-Precision,Recall@10,Recall@15,Recall@20,Recall@5,Recall@50
CVNCF,250,1,128,128,0.0006667,,0.0006667,300,10,"[3.0577, 0.0523]","[0.0326, 0.002]","[0.03, 0.0016]","[0.0281, 0.0014]","[0.0374, 0.0028]","[0.0223, 0.0009]","[0.1175, 0.0043]","[0.0263, 0.0013]","[0.0239, 0.0011]","[0.0216, 0.0009]","[0.0301, 0.002]","[0.016, 0.0005]","[0.0373, 0.0033]","[0.0976, 0.0058]","[0.1301, 0.0066]","[0.1552, 0.0071]","[0.0575, 0.0046]","[0.2795, 0.0087]"
CVNCF,200,1,128,128,0.0006667,,0.0006667,300,10,"[3.0772, 0.0528]","[0.0336, 0.002]","[0.0307, 0.0016]","[0.0285, 0.0014]","[0.0378, 0.0028]","[0.0221, 0.0009]","[0.1174, 0.0044]","[0.0272, 0.0013]","[0.0235, 0.001]","[0.0216, 0.0009]","[0.0317, 0.002]","[0.0153, 0.0005]","[0.0416, 0.0036]","[0.1061, 0.0062]","[0.1337, 0.0067]","[0.1588, 0.0072]","[0.0643, 0.005]","[0.2691, 0.0086]"
CVNCF,150,1,128,128,0.0006667,,0.0006667,300,10,"[3.0801, 0.0529]","[0.0326, 0.002]","[0.03, 0.0016]","[0.028, 0.0014]","[0.0374, 0.0028]","[0.0218, 0.0009]","[0.1164, 0.0044]","[0.0271, 0.0013]","[0.0233, 0.001]","[0.0212, 0.0009]","[0.0298, 0.0019]","[0.0153, 0.0005]","[0.0416, 0.0036]","[0.1063, 0.0062]","[0.132, 0.0067]","[0.1564, 0.0072]","[0.0591, 0.0048]","[0.2683, 0.0087]"
CVNCF,100,1,128,128,0.0006667,,0.0006667,300,10,"[3.0246, 0.0529]","[0.0342, 0.002]","[0.0315, 0.0017]","[0.0296, 0.0014]","[0.0385, 0.0028]","[0.0232, 0.0009]","[0.1193, 0.0042]","[0.0283, 0.0014]","[0.0249, 0.0011]","[0.0229, 0.0009]","[0.0338, 0.002]","[0.0163, 0.0005]","[0.0357, 0.0032]","[0.1068, 0.0061]","[0.1367, 0.0068]","[0.1656, 0.0073]","[0.0647, 0.0049]","[0.2795, 0.0087]"
