model,rank,num_layers,train_batch_size,predict_batch_size,lambda,topK,learning_rate,epoch,negative_sampling_size,Clicks,MAP@10,MAP@15,MAP@20,MAP@5,MAP@50,NDCG,Precision@10,Precision@15,Precision@20,Precision@5,Precision@50,R-Precision,Recall@10,Recall@15,Recall@20,Recall@5,Recall@50
CVNCF,250,1,128,128,0.003333,,0.001,300,10,"[3.0831, 0.0528]","[0.0321, 0.0019]","[0.0297, 0.0016]","[0.0279, 0.0014]","[0.035, 0.0025]","[0.0217, 0.0009]","[0.112, 0.0039]","[0.0274, 0.0013]","[0.0237, 0.001]","[0.0213, 0.0009]","[0.0317, 0.002]","[0.0154, 0.0005]","[0.0305, 0.0026]","[0.1056, 0.0062]","[0.1332, 0.0067]","[0.1571, 0.0072]","[0.0614, 0.0048]","[0.2694, 0.0087]"
CVNCF,200,1,128,128,0.003333,,0.001,300,10,"[3.0956, 0.0529]","[0.0345, 0.002]","[0.0312, 0.0017]","[0.0289, 0.0014]","[0.04, 0.0029]","[0.0221, 0.0009]","[0.1178, 0.0045]","[0.0269, 0.0013]","[0.0235, 0.001]","[0.0214, 0.0008]","[0.033, 0.002]","[0.0152, 0.0005]","[0.0416, 0.0036]","[0.1064, 0.0062]","[0.1342, 0.0068]","[0.1595, 0.0072]","[0.0672, 0.0051]","[0.2663, 0.0086]"
CVNCF,150,1,128,128,0.003333,,0.001,300,10,"[3.0895, 0.0528]","[0.0322, 0.002]","[0.0296, 0.0016]","[0.0277, 0.0014]","[0.0369, 0.0028]","[0.0217, 0.0009]","[0.1162, 0.0044]","[0.0269, 0.0013]","[0.0234, 0.001]","[0.0214, 0.0009]","[0.029, 0.0019]","[0.0154, 0.0005]","[0.0407, 0.0036]","[0.1061, 0.0062]","[0.132, 0.0067]","[0.1565, 0.0071]","[0.057, 0.0047]","[0.2695, 0.0087]"
CVNCF,100,1,128,128,0.003333,,0.001,300,10,"[3.0825, 0.0528]","[0.0339, 0.002]","[0.0309, 0.0016]","[0.0286, 0.0014]","[0.0389, 0.0028]","[0.0221, 0.0009]","[0.1176, 0.0045]","[0.0273, 0.0013]","[0.0236, 0.001]","[0.0211, 0.0008]","[0.0312, 0.002]","[0.0153, 0.0005]","[0.041, 0.0036]","[0.1072, 0.0062]","[0.1317, 0.0067]","[0.1553, 0.0071]","[0.0613, 0.0048]","[0.2686, 0.0086]"
