model,rank,num_layers,train_batch_size,predict_batch_size,lambda,topK,learning_rate,epoch,negative_sampling_size,Clicks,MAP@10,MAP@15,MAP@20,MAP@5,MAP@50,NDCG,Precision@10,Precision@15,Precision@20,Precision@5,Precision@50,R-Precision,Recall@10,Recall@15,Recall@20,Recall@5,Recall@50
CVNCF,250,1,128,128,0.0001,,0.0006667,300,10,"[3.1167, 0.052]","[0.0284, 0.0018]","[0.0267, 0.0015]","[0.0254, 0.0013]","[0.031, 0.0025]","[0.021, 0.0008]","[0.1077, 0.0039]","[0.0249, 0.0013]","[0.0226, 0.001]","[0.0209, 0.0009]","[0.027, 0.0019]","[0.0157, 0.0005]","[0.0324, 0.0029]","[0.0897, 0.0056]","[0.1232, 0.0065]","[0.1492, 0.007]","[0.0465, 0.0041]","[0.2684, 0.0086]"
CVNCF,200,1,128,128,0.0001,,0.0006667,300,10,"[3.1603, 0.0517]","[0.0252, 0.0016]","[0.0242, 0.0014]","[0.0234, 0.0012]","[0.0258, 0.0022]","[0.0197, 0.0008]","[0.1027, 0.0036]","[0.0237, 0.0013]","[0.0216, 0.001]","[0.0205, 0.0009]","[0.025, 0.0017]","[0.0151, 0.0005]","[0.0254, 0.0024]","[0.0877, 0.0056]","[0.117, 0.0063]","[0.1475, 0.0069]","[0.0493, 0.0043]","[0.2658, 0.0087]"
CVNCF,150,1,128,128,0.0001,,0.0006667,300,10,"[3.2065, 0.0513]","[0.0258, 0.0017]","[0.0244, 0.0014]","[0.0233, 0.0012]","[0.0272, 0.0023]","[0.0193, 0.0008]","[0.0998, 0.0036]","[0.0229, 0.0012]","[0.021, 0.001]","[0.0194, 0.0008]","[0.0265, 0.0018]","[0.0146, 0.0005]","[0.025, 0.0024]","[0.0846, 0.0055]","[0.1155, 0.0063]","[0.139, 0.0068]","[0.0487, 0.0042]","[0.2545, 0.0085]"
CVNCF,100,1,128,128,0.0001,,0.0006667,300,10,"[3.1979, 0.0524]","[0.0312, 0.0019]","[0.0287, 0.0016]","[0.0268, 0.0014]","[0.0354, 0.0027]","[0.0207, 0.0009]","[0.1056, 0.0041]","[0.0255, 0.0013]","[0.0224, 0.001]","[0.0203, 0.0009]","[0.03, 0.0019]","[0.0143, 0.0005]","[0.0349, 0.0032]","[0.0958, 0.0058]","[0.1216, 0.0064]","[0.1445, 0.0069]","[0.0581, 0.0047]","[0.2428, 0.0083]"
