model,rank,num_layers,train_batch_size,predict_batch_size,lambda,topK,learning_rate,epoch,negative_sampling_size,Clicks,MAP@10,MAP@15,MAP@20,MAP@5,MAP@50,NDCG,Precision@10,Precision@15,Precision@20,Precision@5,Precision@50,R-Precision,Recall@10,Recall@15,Recall@20,Recall@5,Recall@50
CVNCF,250,1,128,128,0.0003333,,0.0006667,300,10,"[3.0825, 0.0518]","[0.0286, 0.0019]","[0.0268, 0.0015]","[0.0255, 0.0013]","[0.0325, 0.0026]","[0.0212, 0.0008]","[0.1118, 0.0039]","[0.0243, 0.0012]","[0.0226, 0.001]","[0.0211, 0.0009]","[0.0264, 0.0018]","[0.016, 0.0005]","[0.0313, 0.0029]","[0.0872, 0.0055]","[0.1226, 0.0064]","[0.1525, 0.007]","[0.0482, 0.0042]","[0.279, 0.0087]"
CVNCF,200,1,128,128,0.0003333,,0.0006667,300,10,"[3.1725, 0.052]","[0.0308, 0.0019]","[0.0281, 0.0016]","[0.0263, 0.0013]","[0.0354, 0.0027]","[0.0205, 0.0008]","[0.1099, 0.0042]","[0.0247, 0.0012]","[0.0218, 0.001]","[0.0198, 0.0008]","[0.0283, 0.0019]","[0.0147, 0.0005]","[0.0369, 0.0033]","[0.0953, 0.0059]","[0.1227, 0.0065]","[0.1466, 0.007]","[0.058, 0.0047]","[0.2555, 0.0085]"
CVNCF,150,1,128,128,0.0003333,,0.0006667,300,10,"[3.0881, 0.0527]","[0.0334, 0.002]","[0.0306, 0.0017]","[0.0286, 0.0014]","[0.0389, 0.0028]","[0.0224, 0.0009]","[0.1168, 0.0044]","[0.0264, 0.0013]","[0.0239, 0.001]","[0.0219, 0.0009]","[0.0318, 0.002]","[0.0156, 0.0005]","[0.0398, 0.0035]","[0.1008, 0.006]","[0.1362, 0.0069]","[0.1607, 0.0072]","[0.0621, 0.0048]","[0.2692, 0.0087]"
CVNCF,100,1,128,128,0.0003333,,0.0006667,300,10,"[3.1261, 0.052]","[0.0274, 0.0018]","[0.0261, 0.0015]","[0.025, 0.0013]","[0.0291, 0.0024]","[0.0206, 0.0008]","[0.106, 0.0037]","[0.0251, 0.0013]","[0.0226, 0.001]","[0.0211, 0.0009]","[0.0268, 0.0019]","[0.0155, 0.0005]","[0.0282, 0.0026]","[0.0935, 0.0058]","[0.1231, 0.0064]","[0.1492, 0.007]","[0.0497, 0.0043]","[0.2662, 0.0086]"
