model,rank,num_layers,train_batch_size,predict_batch_size,lambda,topK,learning_rate,epoch,negative_sampling_size,Clicks,MAP@10,MAP@15,MAP@20,MAP@5,MAP@50,NDCG,Precision@10,Precision@15,Precision@20,Precision@5,Precision@50,R-Precision,Recall@10,Recall@15,Recall@20,Recall@5,Recall@50
CVNCF,250,1,128,128,0.003333,,0.0005,300,10,"[3.0911, 0.0529]","[0.0342, 0.0021]","[0.031, 0.0017]","[0.0287, 0.0014]","[0.0397, 0.0029]","[0.0221, 0.0009]","[0.1174, 0.0045]","[0.0272, 0.0013]","[0.0229, 0.001]","[0.0214, 0.0009]","[0.032, 0.002]","[0.0153, 0.0005]","[0.0416, 0.0036]","[0.1066, 0.0062]","[0.1301, 0.0067]","[0.1552, 0.0071]","[0.0631, 0.0049]","[0.2676, 0.0086]"
CVNCF,200,1,128,128,0.003333,,0.0005,300,10,"[3.0817, 0.0529]","[0.0324, 0.0019]","[0.0298, 0.0016]","[0.0279, 0.0014]","[0.0355, 0.0025]","[0.0217, 0.0009]","[0.1122, 0.0039]","[0.0274, 0.0013]","[0.0234, 0.001]","[0.0212, 0.0009]","[0.0335, 0.002]","[0.0154, 0.0005]","[0.0309, 0.0026]","[0.1072, 0.0062]","[0.1324, 0.0067]","[0.1574, 0.0072]","[0.0664, 0.005]","[0.2697, 0.0087]"
CVNCF,150,1,128,128,0.003333,,0.0005,300,10,"[3.0844, 0.053]","[0.034, 0.002]","[0.0309, 0.0016]","[0.0287, 0.0014]","[0.0384, 0.0028]","[0.0221, 0.0009]","[0.1175, 0.0045]","[0.0276, 0.0013]","[0.0233, 0.001]","[0.0213, 0.0008]","[0.0327, 0.002]","[0.0153, 0.0005]","[0.0417, 0.0036]","[0.1078, 0.0062]","[0.1328, 0.0067]","[0.1593, 0.0072]","[0.0649, 0.005]","[0.2679, 0.0087]"
CVNCF,100,1,128,128,0.003333,,0.0005,300,10,"[3.0962, 0.053]","[0.0319, 0.0019]","[0.0296, 0.0016]","[0.0277, 0.0014]","[0.035, 0.0025]","[0.0216, 0.0009]","[0.1109, 0.0039]","[0.0277, 0.0013]","[0.0236, 0.001]","[0.0211, 0.0008]","[0.0319, 0.002]","[0.0151, 0.0005]","[0.0301, 0.0026]","[0.1081, 0.0062]","[0.1343, 0.0068]","[0.155, 0.0071]","[0.0633, 0.0049]","[0.2649, 0.0086]"
