model,rank,num_layers,train_batch_size,predict_batch_size,lambda,topK,learning_rate,epoch,negative_sampling_size,Clicks,MAP@10,MAP@15,MAP@20,MAP@5,MAP@50,NDCG,Precision@10,Precision@15,Precision@20,Precision@5,Precision@50,R-Precision,Recall@10,Recall@15,Recall@20,Recall@5,Recall@50
CVNCF,250,1,128,128,0.003333,,0.003333,300,10,"[3.0889, 0.0529]","[0.0333, 0.002]","[0.0305, 0.0016]","[0.0284, 0.0014]","[0.0376, 0.0028]","[0.022, 0.0009]","[0.1166, 0.0044]","[0.0272, 0.0013]","[0.0236, 0.001]","[0.0214, 0.0009]","[0.0301, 0.002]","[0.0152, 0.0005]","[0.0411, 0.0036]","[0.1064, 0.0062]","[0.1325, 0.0067]","[0.157, 0.0071]","[0.059, 0.0048]","[0.2662, 0.0086]"
CVNCF,200,1,128,128,0.003333,,0.003333,300,10,"[3.09, 0.0529]","[0.0333, 0.002]","[0.0306, 0.0016]","[0.0286, 0.0014]","[0.0372, 0.0028]","[0.022, 0.0009]","[0.1162, 0.0044]","[0.0272, 0.0013]","[0.0238, 0.001]","[0.0216, 0.0009]","[0.0321, 0.002]","[0.0152, 0.0005]","[0.0404, 0.0036]","[0.1061, 0.0062]","[0.1343, 0.0068]","[0.1578, 0.0072]","[0.063, 0.0049]","[0.266, 0.0086]"
CVNCF,150,1,128,128,0.003333,,0.003333,300,10,"[3.0865, 0.0527]","[0.0341, 0.002]","[0.031, 0.0016]","[0.0288, 0.0014]","[0.0395, 0.0028]","[0.0221, 0.0009]","[0.118, 0.0045]","[0.0265, 0.0013]","[0.0237, 0.001]","[0.0212, 0.0009]","[0.0334, 0.002]","[0.0153, 0.0005]","[0.0413, 0.0036]","[0.1045, 0.0061]","[0.1338, 0.0067]","[0.156, 0.0071]","[0.0664, 0.005]","[0.27, 0.0087]"
CVNCF,100,1,128,128,0.003333,,0.003333,300,10,"[3.0791, 0.0528]","[0.0332, 0.002]","[0.0305, 0.0016]","[0.0284, 0.0014]","[0.0382, 0.0028]","[0.022, 0.0009]","[0.1173, 0.0044]","[0.0269, 0.0013]","[0.0236, 0.001]","[0.0212, 0.0008]","[0.031, 0.002]","[0.0153, 0.0005]","[0.0409, 0.0036]","[0.1051, 0.0061]","[0.1329, 0.0067]","[0.1569, 0.0072]","[0.0601, 0.0048]","[0.2697, 0.0087]"
