model,rank,num_layers,train_batch_size,predict_batch_size,lambda,topK,learning_rate,epoch,negative_sampling_size,Clicks,MAP@10,MAP@15,MAP@20,MAP@5,MAP@50,NDCG,Precision@10,Precision@15,Precision@20,Precision@5,Precision@50,R-Precision,Recall@10,Recall@15,Recall@20,Recall@5,Recall@50
CVNCF,250,1,128,128,0.0003333,,0.003333,300,10,"[3.0959, 0.0528]","[0.0336, 0.002]","[0.0307, 0.0016]","[0.0286, 0.0014]","[0.0384, 0.0028]","[0.022, 0.0009]","[0.1169, 0.0044]","[0.0273, 0.0013]","[0.0237, 0.001]","[0.0212, 0.0009]","[0.0316, 0.002]","[0.0153, 0.0005]","[0.0408, 0.0036]","[0.1066, 0.0062]","[0.1349, 0.0068]","[0.1582, 0.0072]","[0.0611, 0.0048]","[0.2674, 0.0087]"
CVNCF,200,1,128,128,0.0003333,,0.003333,300,10,"[3.0857, 0.0528]","[0.0333, 0.002]","[0.0303, 0.0016]","[0.0283, 0.0014]","[0.0385, 0.0028]","[0.022, 0.0009]","[0.1174, 0.0045]","[0.0259, 0.0013]","[0.0235, 0.001]","[0.0215, 0.0009]","[0.0325, 0.0019]","[0.0153, 0.0005]","[0.0411, 0.0036]","[0.1017, 0.006]","[0.1333, 0.0067]","[0.159, 0.0072]","[0.0686, 0.0051]","[0.2683, 0.0086]"
CVNCF,150,1,128,128,0.0003333,,0.003333,300,10,"[3.0718, 0.0531]","[0.0341, 0.002]","[0.031, 0.0016]","[0.0288, 0.0014]","[0.0386, 0.0028]","[0.0222, 0.0009]","[0.1175, 0.0045]","[0.0279, 0.0013]","[0.0235, 0.001]","[0.0215, 0.0009]","[0.0322, 0.002]","[0.0152, 0.0005]","[0.0416, 0.0036]","[0.1084, 0.0062]","[0.133, 0.0067]","[0.1582, 0.0072]","[0.065, 0.005]","[0.2676, 0.0086]"
CVNCF,100,1,128,128,0.0003333,,0.003333,300,10,"[3.0839, 0.0528]","[0.0334, 0.002]","[0.0304, 0.0016]","[0.0283, 0.0014]","[0.0383, 0.0028]","[0.022, 0.0009]","[0.1171, 0.0044]","[0.0272, 0.0013]","[0.0234, 0.001]","[0.0212, 0.0009]","[0.0304, 0.0019]","[0.0153, 0.0005]","[0.0413, 0.0036]","[0.1065, 0.0062]","[0.1326, 0.0067]","[0.1562, 0.0072]","[0.0624, 0.0049]","[0.2675, 0.0086]"
