model,rank,num_layers,train_batch_size,predict_batch_size,lambda,topK,learning_rate,epoch,negative_sampling_size,Clicks,MAP@10,MAP@15,MAP@20,MAP@5,MAP@50,NDCG,Precision@10,Precision@15,Precision@20,Precision@5,Precision@50,R-Precision,Recall@10,Recall@15,Recall@20,Recall@5,Recall@50
CVNCF,250,1,128,128,0.001,,0.0006667,300,10,"[3.0844, 0.0529]","[0.0341, 0.002]","[0.0309, 0.0016]","[0.0287, 0.0014]","[0.039, 0.0028]","[0.0222, 0.0009]","[0.1171, 0.0045]","[0.0269, 0.0013]","[0.0235, 0.001]","[0.0216, 0.0009]","[0.033, 0.002]","[0.0152, 0.0005]","[0.041, 0.0036]","[0.1053, 0.0062]","[0.1321, 0.0067]","[0.1586, 0.0072]","[0.0676, 0.0051]","[0.2659, 0.0086]"
CVNCF,200,1,128,128,0.001,,0.0006667,300,10,"[3.1159, 0.0527]","[0.0323, 0.002]","[0.0296, 0.0016]","[0.0276, 0.0014]","[0.0375, 0.0028]","[0.0215, 0.0009]","[0.1138, 0.0044]","[0.0262, 0.0013]","[0.0232, 0.001]","[0.021, 0.0008]","[0.0297, 0.0019]","[0.0149, 0.0005]","[0.0393, 0.0035]","[0.1032, 0.0061]","[0.1319, 0.0067]","[0.1565, 0.0072]","[0.0592, 0.0048]","[0.2601, 0.0086]"
CVNCF,150,1,128,128,0.001,,0.0006667,300,10,"[3.0836, 0.0528]","[0.0343, 0.002]","[0.0311, 0.0017]","[0.0288, 0.0014]","[0.0396, 0.0028]","[0.0221, 0.0009]","[0.118, 0.0045]","[0.0274, 0.0013]","[0.0233, 0.001]","[0.021, 0.0008]","[0.0334, 0.002]","[0.0154, 0.0005]","[0.0419, 0.0036]","[0.1077, 0.0062]","[0.1326, 0.0067]","[0.1564, 0.0072]","[0.067, 0.0051]","[0.2693, 0.0087]"
CVNCF,100,1,128,128,0.001,,0.0006667,300,10,"[3.0743, 0.0529]","[0.0308, 0.0019]","[0.0287, 0.0015]","[0.0271, 0.0013]","[0.0331, 0.0025]","[0.0215, 0.0008]","[0.1108, 0.0039]","[0.0272, 0.0013]","[0.0233, 0.001]","[0.0216, 0.0009]","[0.0296, 0.002]","[0.0153, 0.0005]","[0.0302, 0.0026]","[0.1065, 0.0062]","[0.1318, 0.0067]","[0.1583, 0.0072]","[0.057, 0.0047]","[0.2693, 0.0087]"
