model,rank,num_layers,train_batch_size,predict_batch_size,lambda,topK,learning_rate,epoch,negative_sampling_size,Clicks,MAP@10,MAP@15,MAP@20,MAP@5,MAP@50,NDCG,Precision@10,Precision@15,Precision@20,Precision@5,Precision@50,R-Precision,Recall@10,Recall@15,Recall@20,Recall@5,Recall@50
CVNCF,250,1,128,128,0.006667,,0.001,300,10,"[3.0889, 0.0529]","[0.0334, 0.002]","[0.0305, 0.0016]","[0.0284, 0.0014]","[0.0377, 0.0028]","[0.022, 0.0009]","[0.1167, 0.0044]","[0.0272, 0.0013]","[0.0235, 0.001]","[0.0212, 0.0008]","[0.0315, 0.002]","[0.0153, 0.0005]","[0.0417, 0.0036]","[0.1056, 0.0062]","[0.1326, 0.0067]","[0.158, 0.0072]","[0.0617, 0.0049]","[0.2669, 0.0086]"
CVNCF,200,1,128,128,0.006667,,0.001,300,10,"[3.0889, 0.0529]","[0.0337, 0.002]","[0.0306, 0.0016]","[0.0284, 0.0014]","[0.0379, 0.0028]","[0.022, 0.0009]","[0.1166, 0.0044]","[0.0272, 0.0013]","[0.023, 0.001]","[0.0213, 0.0009]","[0.0318, 0.002]","[0.0152, 0.0005]","[0.0415, 0.0036]","[0.1061, 0.0062]","[0.129, 0.0066]","[0.1566, 0.0072]","[0.0614, 0.0048]","[0.2664, 0.0086]"
CVNCF,150,1,128,128,0.006667,,0.001,300,10,"[3.0855, 0.0528]","[0.0336, 0.002]","[0.0307, 0.0016]","[0.0286, 0.0014]","[0.0381, 0.0028]","[0.0221, 0.0009]","[0.1174, 0.0044]","[0.0274, 0.0013]","[0.0234, 0.001]","[0.0212, 0.0009]","[0.0314, 0.002]","[0.0154, 0.0005]","[0.0415, 0.0036]","[0.1078, 0.0062]","[0.1324, 0.0067]","[0.1553, 0.0071]","[0.0624, 0.0049]","[0.2689, 0.0086]"
CVNCF,100,1,128,128,0.006667,,0.001,300,10,"[3.0876, 0.0529]","[0.031, 0.0019]","[0.0289, 0.0015]","[0.0272, 0.0013]","[0.0331, 0.0025]","[0.0215, 0.0008]","[0.1105, 0.0039]","[0.0268, 0.0013]","[0.0234, 0.001]","[0.0216, 0.0009]","[0.031, 0.002]","[0.0152, 0.0005]","[0.0298, 0.0026]","[0.1027, 0.0061]","[0.133, 0.0068]","[0.1598, 0.0072]","[0.0615, 0.0049]","[0.2667, 0.0086]"
