model,rank,num_layers,train_batch_size,predict_batch_size,lambda,topK,learning_rate,epoch,negative_sampling_size,Clicks,MAP@10,MAP@15,MAP@20,MAP@5,MAP@50,NDCG,Precision@10,Precision@15,Precision@20,Precision@5,Precision@50,R-Precision,Recall@10,Recall@15,Recall@20,Recall@5,Recall@50
CVNCF,250,1,128,128,0.0006667,,0.001,300,10,"[3.0887, 0.0528]","[0.0342, 0.002]","[0.0311, 0.0016]","[0.0288, 0.0014]","[0.0389, 0.0028]","[0.0221, 0.0009]","[0.1182, 0.0045]","[0.0273, 0.0013]","[0.0235, 0.001]","[0.0212, 0.0008]","[0.0337, 0.002]","[0.0153, 0.0005]","[0.0429, 0.0037]","[0.107, 0.0062]","[0.1324, 0.0067]","[0.1571, 0.0072]","[0.0695, 0.0052]","[0.2686, 0.0087]"
CVNCF,200,1,128,128,0.0006667,,0.001,300,10,"[3.012, 0.0525]","[0.0319, 0.0019]","[0.0297, 0.0016]","[0.0282, 0.0014]","[0.0355, 0.0027]","[0.0228, 0.0009]","[0.1179, 0.0041]","[0.0269, 0.0013]","[0.0245, 0.0011]","[0.0227, 0.0009]","[0.0303, 0.0019]","[0.0166, 0.0005]","[0.0353, 0.0031]","[0.0997, 0.0059]","[0.133, 0.0067]","[0.1639, 0.0073]","[0.0539, 0.0044]","[0.2883, 0.0088]"
CVNCF,150,1,128,128,0.0006667,,0.001,300,10,"[3.0921, 0.0526]","[0.0333, 0.002]","[0.0304, 0.0016]","[0.0283, 0.0014]","[0.0383, 0.0028]","[0.0219, 0.0009]","[0.1173, 0.0044]","[0.0268, 0.0013]","[0.0231, 0.001]","[0.0212, 0.0009]","[0.0313, 0.002]","[0.0154, 0.0005]","[0.0407, 0.0036]","[0.102, 0.006]","[0.1319, 0.0067]","[0.1548, 0.0071]","[0.0605, 0.0048]","[0.2709, 0.0087]"
CVNCF,100,1,128,128,0.0006667,,0.001,300,10,"[3.0791, 0.0528]","[0.0309, 0.0018]","[0.0287, 0.0015]","[0.0271, 0.0013]","[0.033, 0.0025]","[0.0214, 0.0008]","[0.1111, 0.0039]","[0.0274, 0.0013]","[0.0231, 0.001]","[0.0214, 0.0009]","[0.0307, 0.0019]","[0.0154, 0.0005]","[0.0302, 0.0026]","[0.1073, 0.0062]","[0.1304, 0.0067]","[0.1578, 0.0072]","[0.0615, 0.0049]","[0.2707, 0.0087]"
