model,rank,num_layers,train_batch_size,predict_batch_size,lambda,topK,learning_rate,epoch,negative_sampling_size,Clicks,MAP@10,MAP@15,MAP@20,MAP@5,MAP@50,NDCG,Precision@10,Precision@15,Precision@20,Precision@5,Precision@50,R-Precision,Recall@10,Recall@15,Recall@20,Recall@5,Recall@50
CVNCF,250,1,128,128,0.003333,,0.0006667,300,10,"[3.0844, 0.0529]","[0.0342, 0.002]","[0.0312, 0.0017]","[0.029, 0.0014]","[0.0395, 0.0028]","[0.0222, 0.0009]","[0.1183, 0.0045]","[0.0275, 0.0013]","[0.0239, 0.001]","[0.0214, 0.0009]","[0.0331, 0.002]","[0.0154, 0.0005]","[0.0419, 0.0036]","[0.1075, 0.0062]","[0.1342, 0.0068]","[0.1578, 0.0072]","[0.0659, 0.005]","[0.2708, 0.0087]"
CVNCF,200,1,128,128,0.003333,,0.0006667,300,10,"[3.0756, 0.0527]","[0.0331, 0.002]","[0.0303, 0.0016]","[0.0283, 0.0014]","[0.0382, 0.0028]","[0.022, 0.0009]","[0.1174, 0.0044]","[0.0269, 0.0013]","[0.0234, 0.001]","[0.0213, 0.0009]","[0.0315, 0.002]","[0.0154, 0.0005]","[0.0408, 0.0036]","[0.1023, 0.0061]","[0.1322, 0.0067]","[0.1573, 0.0072]","[0.063, 0.0049]","[0.2704, 0.0087]"
CVNCF,150,1,128,128,0.003333,,0.0006667,300,10,"[3.0689, 0.053]","[0.0341, 0.0021]","[0.0311, 0.0017]","[0.0288, 0.0014]","[0.0394, 0.0029]","[0.0223, 0.0009]","[0.1181, 0.0045]","[0.0278, 0.0013]","[0.0235, 0.001]","[0.0214, 0.0009]","[0.0314, 0.002]","[0.0153, 0.0005]","[0.0416, 0.0036]","[0.1082, 0.0062]","[0.1334, 0.0067]","[0.1565, 0.0071]","[0.0605, 0.0048]","[0.2698, 0.0087]"
CVNCF,100,1,128,128,0.003333,,0.0006667,300,10,"[3.0959, 0.0529]","[0.0334, 0.002]","[0.0305, 0.0016]","[0.0284, 0.0014]","[0.039, 0.0028]","[0.022, 0.0009]","[0.1166, 0.0045]","[0.0268, 0.0013]","[0.0235, 0.001]","[0.0214, 0.0009]","[0.0316, 0.002]","[0.0152, 0.0005]","[0.0407, 0.0036]","[0.1043, 0.0061]","[0.134, 0.0068]","[0.1569, 0.0071]","[0.0628, 0.0049]","[0.2652, 0.0086]"
