model,rank,num_layers,train_batch_size,predict_batch_size,lambda,topK,learning_rate,epoch,negative_sampling_size,Clicks,MAP@10,MAP@15,MAP@20,MAP@5,MAP@50,NDCG,Precision@10,Precision@15,Precision@20,Precision@5,Precision@50,R-Precision,Recall@10,Recall@15,Recall@20,Recall@5,Recall@50
CVNCF,250,1,128,128,0.006667,,0.0005,300,10,"[3.1055, 0.0525]","[0.0324, 0.002]","[0.0297, 0.0016]","[0.0278, 0.0014]","[0.0373, 0.0028]","[0.0217, 0.0009]","[0.1159, 0.0044]","[0.0255, 0.0013]","[0.0233, 0.001]","[0.0212, 0.0009]","[0.0294, 0.0019]","[0.0152, 0.0005]","[0.0408, 0.0036]","[0.0992, 0.006]","[0.1317, 0.0067]","[0.1558, 0.0071]","[0.0586, 0.0047]","[0.2663, 0.0086]"
CVNCF,200,1,128,128,0.006667,,0.0005,300,10,"[3.0876, 0.0529]","[0.0349, 0.002]","[0.0315, 0.0017]","[0.0292, 0.0014]","[0.0401, 0.0029]","[0.0222, 0.0009]","[0.1184, 0.0045]","[0.0276, 0.0013]","[0.0237, 0.001]","[0.021, 0.0008]","[0.0329, 0.002]","[0.0153, 0.0005]","[0.0424, 0.0036]","[0.1081, 0.0062]","[0.134, 0.0068]","[0.1563, 0.0072]","[0.0644, 0.0049]","[0.2681, 0.0086]"
CVNCF,150,1,128,128,0.006667,,0.0005,300,10,"[3.0935, 0.0526]","[0.0334, 0.002]","[0.0305, 0.0016]","[0.0283, 0.0014]","[0.0379, 0.0028]","[0.0219, 0.0009]","[0.1175, 0.0044]","[0.0265, 0.0013]","[0.0234, 0.001]","[0.0213, 0.0009]","[0.0312, 0.002]","[0.0153, 0.0005]","[0.0415, 0.0036]","[0.104, 0.0061]","[0.1319, 0.0067]","[0.1562, 0.0071]","[0.0642, 0.005]","[0.2697, 0.0087]"
CVNCF,100,1,128,128,0.006667,,0.0005,300,10,"[3.0924, 0.0528]","[0.0331, 0.002]","[0.0302, 0.0016]","[0.0282, 0.0014]","[0.0378, 0.0028]","[0.0219, 0.0009]","[0.1167, 0.0044]","[0.0266, 0.0013]","[0.0234, 0.001]","[0.0213, 0.0009]","[0.03, 0.002]","[0.0153, 0.0005]","[0.0411, 0.0036]","[0.1036, 0.0061]","[0.132, 0.0067]","[0.1564, 0.0071]","[0.0595, 0.0048]","[0.2681, 0.0086]"
