model,rank,num_layers,train_batch_size,predict_batch_size,lambda,topK,learning_rate,epoch,negative_sampling_size,Clicks,MAP@10,MAP@15,MAP@20,MAP@5,MAP@50,NDCG,Precision@10,Precision@15,Precision@20,Precision@5,Precision@50,R-Precision,Recall@10,Recall@15,Recall@20,Recall@5,Recall@50
CVNCF,250,1,128,128,0.001,,0.003333,300,10,"[3.0954, 0.0528]","[0.0329, 0.002]","[0.0302, 0.0016]","[0.0282, 0.0014]","[0.0375, 0.0028]","[0.0218, 0.0009]","[0.1165, 0.0044]","[0.0271, 0.0013]","[0.0234, 0.001]","[0.0212, 0.0008]","[0.0302, 0.0019]","[0.0153, 0.0005]","[0.0409, 0.0036]","[0.106, 0.0062]","[0.1321, 0.0067]","[0.1555, 0.0071]","[0.0614, 0.0048]","[0.268, 0.0087]"
CVNCF,200,1,128,128,0.001,,0.003333,300,10,"[3.0911, 0.0527]","[0.0337, 0.002]","[0.0308, 0.0017]","[0.0286, 0.0014]","[0.0393, 0.0029]","[0.022, 0.0009]","[0.1169, 0.0044]","[0.0269, 0.0013]","[0.0235, 0.001]","[0.0213, 0.0009]","[0.0308, 0.002]","[0.0152, 0.0005]","[0.0416, 0.0036]","[0.1025, 0.0061]","[0.1329, 0.0067]","[0.1567, 0.0071]","[0.0588, 0.0047]","[0.2674, 0.0086]"
CVNCF,150,1,128,128,0.001,,0.003333,300,10,"[3.086, 0.0527]","[0.0316, 0.0019]","[0.0294, 0.0015]","[0.0276, 0.0013]","[0.0344, 0.0025]","[0.0217, 0.0008]","[0.112, 0.0039]","[0.0269, 0.0013]","[0.0235, 0.001]","[0.0214, 0.0009]","[0.0318, 0.002]","[0.0154, 0.0005]","[0.0296, 0.0026]","[0.1054, 0.0062]","[0.133, 0.0067]","[0.1565, 0.0071]","[0.0633, 0.0049]","[0.2706, 0.0087]"
CVNCF,100,1,128,128,0.001,,0.003333,300,10,"[3.0889, 0.053]","[0.0315, 0.0019]","[0.0294, 0.0015]","[0.0276, 0.0013]","[0.0336, 0.0025]","[0.0216, 0.0008]","[0.1113, 0.0039]","[0.0276, 0.0013]","[0.0237, 0.001]","[0.0212, 0.0009]","[0.0317, 0.002]","[0.0153, 0.0005]","[0.0294, 0.0026]","[0.1081, 0.0062]","[0.1345, 0.0068]","[0.1564, 0.0071]","[0.0634, 0.0049]","[0.2686, 0.0087]"
