model,rank,num_layers,train_batch_size,predict_batch_size,lambda,topK,learning_rate,epoch,negative_sampling_size,Clicks,MAP@10,MAP@15,MAP@20,MAP@5,MAP@50,NDCG,Precision@10,Precision@15,Precision@20,Precision@5,Precision@50,R-Precision,Recall@10,Recall@15,Recall@20,Recall@5,Recall@50
CVNCF,250,1,128,128,0.006667,,0.0001,300,10,"[3.0467, 0.0525]","[0.0316, 0.0019]","[0.0294, 0.0016]","[0.0277, 0.0014]","[0.0355, 0.0027]","[0.0221, 0.0009]","[0.1151, 0.004]","[0.026, 0.0013]","[0.0239, 0.001]","[0.0222, 0.0009]","[0.0308, 0.0019]","[0.0163, 0.0005]","[0.033, 0.0029]","[0.0975, 0.0059]","[0.1348, 0.0067]","[0.1615, 0.0072]","[0.0598, 0.0047]","[0.2803, 0.0087]"
CVNCF,200,1,128,128,0.006667,,0.0001,300,10,"[3.0216, 0.0524]","[0.0323, 0.002]","[0.0297, 0.0016]","[0.028, 0.0014]","[0.0363, 0.0027]","[0.0225, 0.0009]","[0.1179, 0.0041]","[0.0263, 0.0013]","[0.0237, 0.001]","[0.0221, 0.0009]","[0.0315, 0.002]","[0.0163, 0.0005]","[0.0354, 0.0031]","[0.1006, 0.0059]","[0.1325, 0.0067]","[0.1615, 0.0072]","[0.0607, 0.0047]","[0.2851, 0.0088]"
CVNCF,150,1,128,128,0.006667,,0.0001,300,10,"[3.0935, 0.0528]","[0.0335, 0.002]","[0.0306, 0.0016]","[0.0284, 0.0014]","[0.0378, 0.0028]","[0.0219, 0.0009]","[0.1173, 0.0044]","[0.0272, 0.0013]","[0.0233, 0.001]","[0.021, 0.0008]","[0.0317, 0.002]","[0.0154, 0.0005]","[0.0412, 0.0036]","[0.107, 0.0062]","[0.1314, 0.0067]","[0.1556, 0.0071]","[0.0634, 0.0049]","[0.2697, 0.0087]"
CVNCF,100,1,128,128,0.006667,,0.0001,300,10,"[3.0873, 0.0528]","[0.0332, 0.002]","[0.0303, 0.0016]","[0.0282, 0.0014]","[0.0376, 0.0028]","[0.0219, 0.0009]","[0.1169, 0.0044]","[0.0269, 0.0013]","[0.0235, 0.001]","[0.0212, 0.0008]","[0.0301, 0.002]","[0.0153, 0.0005]","[0.0409, 0.0036]","[0.1039, 0.0061]","[0.1338, 0.0068]","[0.1576, 0.0072]","[0.059, 0.0048]","[0.2686, 0.0087]"
