model,rank,num_layers,train_batch_size,predict_batch_size,lambda,topK,learning_rate,epoch,negative_sampling_size,Clicks,MAP@10,MAP@15,MAP@20,MAP@5,MAP@50,NDCG,Precision@10,Precision@15,Precision@20,Precision@5,Precision@50,R-Precision,Recall@10,Recall@15,Recall@20,Recall@5,Recall@50
CVNCF,250,1,128,128,0.0003333,,0.0005,300,10,"[3.082, 0.0522]","[0.0286, 0.0018]","[0.0269, 0.0015]","[0.0256, 0.0013]","[0.0308, 0.0025]","[0.0211, 0.0008]","[0.1093, 0.0039]","[0.0253, 0.0013]","[0.0229, 0.001]","[0.0213, 0.0009]","[0.0277, 0.0019]","[0.0158, 0.0005]","[0.0309, 0.0029]","[0.0944, 0.0058]","[0.1252, 0.0065]","[0.1554, 0.0071]","[0.051, 0.0043]","[0.2742, 0.0087]"
CVNCF,200,1,128,128,0.0003333,,0.0005,300,10,"[3.0964, 0.0524]","[0.0321, 0.002]","[0.0296, 0.0016]","[0.0279, 0.0014]","[0.0359, 0.0027]","[0.0219, 0.0009]","[0.1132, 0.0041]","[0.027, 0.0013]","[0.0236, 0.0011]","[0.0216, 0.0009]","[0.0309, 0.002]","[0.0157, 0.0005]","[0.0357, 0.0032]","[0.0954, 0.0057]","[0.1259, 0.0064]","[0.1549, 0.0071]","[0.058, 0.0046]","[0.269, 0.0086]"
CVNCF,150,1,128,128,0.0003333,,0.0005,300,10,"[3.0833, 0.0521]","[0.0296, 0.0018]","[0.0278, 0.0015]","[0.0264, 0.0013]","[0.0324, 0.0025]","[0.0215, 0.0009]","[0.112, 0.004]","[0.0253, 0.0013]","[0.0234, 0.0011]","[0.0214, 0.0009]","[0.0291, 0.0019]","[0.0159, 0.0005]","[0.0335, 0.0031]","[0.0923, 0.0056]","[0.1245, 0.0064]","[0.1518, 0.007]","[0.0551, 0.0045]","[0.274, 0.0087]"
CVNCF,100,1,128,128,0.0003333,,0.0005,300,10,"[3.1098, 0.052]","[0.028, 0.0018]","[0.0265, 0.0015]","[0.0254, 0.0013]","[0.0302, 0.0024]","[0.0211, 0.0009]","[0.108, 0.0038]","[0.0248, 0.0013]","[0.0229, 0.001]","[0.0215, 0.0009]","[0.0278, 0.0019]","[0.016, 0.0006]","[0.0289, 0.0026]","[0.088, 0.0055]","[0.1222, 0.0064]","[0.1504, 0.0069]","[0.0514, 0.0043]","[0.2717, 0.0087]"
