model,rank,num_layers,train_batch_size,predict_batch_size,lambda,topK,learning_rate,epoch,negative_sampling_size,Clicks,MAP@10,MAP@15,MAP@20,MAP@5,MAP@50,NDCG,Precision@10,Precision@15,Precision@20,Precision@5,Precision@50,R-Precision,Recall@10,Recall@15,Recall@20,Recall@5,Recall@50
CVNCF,250,1,128,128,0.0006667,,0.003333,300,10,"[3.109, 0.0524]","[0.031, 0.002]","[0.0287, 0.0016]","[0.027, 0.0014]","[0.0357, 0.0028]","[0.0214, 0.0008]","[0.115, 0.0044]","[0.0255, 0.0013]","[0.0232, 0.001]","[0.0213, 0.0009]","[0.0292, 0.0019]","[0.0153, 0.0005]","[0.0396, 0.0036]","[0.0983, 0.0059]","[0.1315, 0.0067]","[0.1558, 0.0071]","[0.0579, 0.0047]","[0.2677, 0.0086]"
CVNCF,200,1,128,128,0.0006667,,0.003333,300,10,"[3.094, 0.0525]","[0.0326, 0.002]","[0.0301, 0.0016]","[0.0281, 0.0014]","[0.0373, 0.0028]","[0.0218, 0.0009]","[0.1167, 0.0044]","[0.0266, 0.0013]","[0.0238, 0.001]","[0.0213, 0.0009]","[0.0316, 0.002]","[0.0154, 0.0005]","[0.0409, 0.0036]","[0.1, 0.006]","[0.1338, 0.0068]","[0.1563, 0.0071]","[0.0626, 0.0049]","[0.2705, 0.0087]"
CVNCF,150,1,128,128,0.0006667,,0.003333,300,10,"[3.0865, 0.0529]","[0.0319, 0.0019]","[0.0296, 0.0016]","[0.0278, 0.0014]","[0.0349, 0.0025]","[0.0217, 0.0009]","[0.1115, 0.0039]","[0.0271, 0.0013]","[0.0236, 0.001]","[0.0217, 0.0009]","[0.0315, 0.002]","[0.0153, 0.0005]","[0.0307, 0.0026]","[0.1059, 0.0062]","[0.1342, 0.0068]","[0.1584, 0.0072]","[0.0615, 0.0049]","[0.2674, 0.0086]"
CVNCF,100,1,128,128,0.0006667,,0.003333,300,10,"[3.0924, 0.0525]","[0.0326, 0.002]","[0.0298, 0.0016]","[0.0278, 0.0014]","[0.0365, 0.0028]","[0.0217, 0.0009]","[0.1165, 0.0044]","[0.0264, 0.0013]","[0.0231, 0.001]","[0.0212, 0.0008]","[0.0307, 0.0019]","[0.0155, 0.0005]","[0.04, 0.0036]","[0.1019, 0.0061]","[0.1307, 0.0067]","[0.1567, 0.0072]","[0.0615, 0.0049]","[0.2708, 0.0087]"
