model,rank,num_layers,train_batch_size,predict_batch_size,lambda,topK,learning_rate,epoch,negative_sampling_size,Clicks,MAP@10,MAP@15,MAP@20,MAP@5,MAP@50,NDCG,Precision@10,Precision@15,Precision@20,Precision@5,Precision@50,R-Precision,Recall@10,Recall@15,Recall@20,Recall@5,Recall@50
CVNCF,250,1,128,128,0.003333,,0.0001,300,10,"[3.0243, 0.0528]","[0.0342, 0.002]","[0.0314, 0.0017]","[0.0293, 0.0014]","[0.0384, 0.0028]","[0.0229, 0.0009]","[0.1196, 0.0042]","[0.0276, 0.0013]","[0.0248, 0.0011]","[0.0223, 0.0009]","[0.0332, 0.002]","[0.0161, 0.0005]","[0.0368, 0.0032]","[0.1075, 0.0062]","[0.1383, 0.0068]","[0.1624, 0.0072]","[0.0669, 0.005]","[0.2827, 0.0088]"
CVNCF,200,1,128,128,0.003333,,0.0001,300,10,"[2.9701, 0.0531]","[0.0346, 0.002]","[0.0321, 0.0016]","[0.0301, 0.0014]","[0.0379, 0.0028]","[0.0236, 0.0009]","[0.122, 0.0042]","[0.0295, 0.0014]","[0.0257, 0.0011]","[0.0232, 0.0009]","[0.0332, 0.002]","[0.0167, 0.0005]","[0.039, 0.0033]","[0.1121, 0.0063]","[0.1436, 0.0069]","[0.1683, 0.0073]","[0.0621, 0.0047]","[0.2894, 0.0088]"
CVNCF,150,1,128,128,0.003333,,0.0001,300,10,"[3.0636, 0.0525]","[0.0287, 0.0018]","[0.0274, 0.0015]","[0.0263, 0.0013]","[0.03, 0.0024]","[0.0216, 0.0009]","[0.11, 0.0038]","[0.0265, 0.0013]","[0.0238, 0.0011]","[0.0224, 0.0009]","[0.0285, 0.0019]","[0.0161, 0.0005]","[0.0275, 0.0026]","[0.0976, 0.0058]","[0.1298, 0.0065]","[0.1644, 0.0073]","[0.0517, 0.0044]","[0.2759, 0.0087]"
CVNCF,100,1,128,128,0.003333,,0.0001,300,10,"[2.9997, 0.0527]","[0.0326, 0.0019]","[0.0302, 0.0016]","[0.0285, 0.0014]","[0.0358, 0.0027]","[0.0227, 0.0009]","[0.1183, 0.0041]","[0.0275, 0.0013]","[0.0246, 0.001]","[0.0226, 0.0009]","[0.0319, 0.002]","[0.0163, 0.0005]","[0.0343, 0.0031]","[0.1057, 0.0061]","[0.1377, 0.0068]","[0.1671, 0.0073]","[0.0625, 0.0048]","[0.2855, 0.0088]"
