model,rank,num_layers,train_batch_size,predict_batch_size,lambda,topK,learning_rate,epoch,negative_sampling_size,Clicks,MAP@10,MAP@15,MAP@20,MAP@5,MAP@50,NDCG,Precision@10,Precision@15,Precision@20,Precision@5,Precision@50,R-Precision,Recall@10,Recall@15,Recall@20,Recall@5,Recall@50
CVNCF,250,1,128,128,0.0006667,,0.005,300,10,"[3.07, 0.0529]","[0.034, 0.002]","[0.031, 0.0017]","[0.0289, 0.0014]","[0.0394, 0.0029]","[0.0223, 0.0009]","[0.1181, 0.0045]","[0.0269, 0.0013]","[0.0237, 0.001]","[0.0216, 0.0009]","[0.0311, 0.002]","[0.0153, 0.0005]","[0.0411, 0.0036]","[0.1058, 0.0062]","[0.1339, 0.0067]","[0.1594, 0.0072]","[0.0615, 0.0049]","[0.2696, 0.0087]"
CVNCF,200,1,128,128,0.0006667,,0.005,300,10,"[3.0983, 0.0527]","[0.0348, 0.002]","[0.0315, 0.0017]","[0.0291, 0.0014]","[0.0403, 0.0029]","[0.0222, 0.0009]","[0.1181, 0.0045]","[0.0268, 0.0013]","[0.0236, 0.001]","[0.0214, 0.0009]","[0.0345, 0.002]","[0.0153, 0.0005]","[0.042, 0.0036]","[0.1039, 0.0061]","[0.1333, 0.0068]","[0.157, 0.0072]","[0.0707, 0.0052]","[0.267, 0.0086]"
CVNCF,150,1,128,128,0.0006667,,0.005,300,10,"[3.0946, 0.0527]","[0.0319, 0.002]","[0.0296, 0.0016]","[0.0277, 0.0014]","[0.0374, 0.0028]","[0.0217, 0.0009]","[0.1158, 0.0044]","[0.0259, 0.0013]","[0.0236, 0.001]","[0.0212, 0.0009]","[0.0278, 0.0018]","[0.0152, 0.0005]","[0.0411, 0.0036]","[0.1006, 0.006]","[0.1322, 0.0067]","[0.1562, 0.0071]","[0.0567, 0.0047]","[0.2662, 0.0087]"
CVNCF,100,1,128,128,0.0006667,,0.005,300,10,"[3.0772, 0.0528]","[0.0332, 0.002]","[0.0303, 0.0016]","[0.0283, 0.0014]","[0.0378, 0.0028]","[0.022, 0.0009]","[0.1173, 0.0044]","[0.0268, 0.0013]","[0.0234, 0.001]","[0.0216, 0.0009]","[0.0316, 0.0019]","[0.0154, 0.0005]","[0.041, 0.0036]","[0.1045, 0.0061]","[0.1332, 0.0067]","[0.16, 0.0072]","[0.0634, 0.0049]","[0.2694, 0.0086]"
