model,rank,num_layers,train_batch_size,predict_batch_size,lambda,topK,learning_rate,epoch,negative_sampling_size,Clicks,MAP@10,MAP@15,MAP@20,MAP@5,MAP@50,NDCG,Precision@10,Precision@15,Precision@20,Precision@5,Precision@50,R-Precision,Recall@10,Recall@15,Recall@20,Recall@5,Recall@50
CVNCF,250,1,128,128,0.003333,,0.005,300,10,"[3.1106, 0.0526]","[0.0336, 0.002]","[0.0302, 0.0016]","[0.028, 0.0014]","[0.0388, 0.0028]","[0.0216, 0.0008]","[0.1151, 0.0044]","[0.0256, 0.0013]","[0.0226, 0.001]","[0.0211, 0.0008]","[0.0329, 0.002]","[0.0149, 0.0005]","[0.0405, 0.0036]","[0.1005, 0.006]","[0.1281, 0.0066]","[0.1555, 0.0071]","[0.0675, 0.0051]","[0.2606, 0.0085]"
CVNCF,200,1,128,128,0.003333,,0.005,300,10,"[3.0956, 0.0529]","[0.0341, 0.002]","[0.0309, 0.0017]","[0.0287, 0.0014]","[0.039, 0.0028]","[0.022, 0.0009]","[0.1165, 0.0045]","[0.0271, 0.0013]","[0.0233, 0.001]","[0.0214, 0.0009]","[0.0317, 0.002]","[0.0151, 0.0005]","[0.0413, 0.0036]","[0.105, 0.0062]","[0.1327, 0.0068]","[0.1584, 0.0072]","[0.0614, 0.0048]","[0.2639, 0.0086]"
CVNCF,150,1,128,128,0.003333,,0.005,300,10,"[3.1052, 0.0527]","[0.0323, 0.002]","[0.0297, 0.0016]","[0.0277, 0.0014]","[0.0367, 0.0028]","[0.0217, 0.0009]","[0.1147, 0.0044]","[0.0261, 0.0013]","[0.0231, 0.001]","[0.021, 0.0009]","[0.0314, 0.002]","[0.0151, 0.0005]","[0.0396, 0.0036]","[0.1019, 0.0061]","[0.1318, 0.0067]","[0.1553, 0.0071]","[0.0612, 0.0048]","[0.2629, 0.0086]"
CVNCF,100,1,128,128,0.003333,,0.005,300,10,"[3.0897, 0.0526]","[0.0334, 0.002]","[0.0305, 0.0016]","[0.0283, 0.0014]","[0.0373, 0.0028]","[0.0219, 0.0009]","[0.1176, 0.0044]","[0.0273, 0.0013]","[0.0232, 0.001]","[0.0209, 0.0009]","[0.0319, 0.002]","[0.0153, 0.0005]","[0.0408, 0.0036]","[0.1062, 0.0062]","[0.1293, 0.0066]","[0.1537, 0.0071]","[0.0657, 0.005]","[0.2709, 0.0087]"
