model,rank,num_layers,train_batch_size,predict_batch_size,lambda,topK,learning_rate,epoch,negative_sampling_size,Clicks,MAP@10,MAP@15,MAP@20,MAP@5,MAP@50,NDCG,Precision@10,Precision@15,Precision@20,Precision@5,Precision@50,R-Precision,Recall@10,Recall@15,Recall@20,Recall@5,Recall@50
CVNCF,250,1,128,128,0.0003333,,0.005,300,10,"[3.0807, 0.0526]","[0.0337, 0.002]","[0.0305, 0.0016]","[0.0283, 0.0014]","[0.0384, 0.0028]","[0.0219, 0.0009]","[0.118, 0.0044]","[0.0264, 0.0013]","[0.023, 0.001]","[0.021, 0.0008]","[0.0327, 0.002]","[0.0155, 0.0005]","[0.0416, 0.0036]","[0.1047, 0.0061]","[0.1305, 0.0066]","[0.1549, 0.0071]","[0.065, 0.005]","[0.2718, 0.0087]"
CVNCF,200,1,128,128,0.0003333,,0.005,300,10,"[3.1052, 0.0528]","[0.0335, 0.002]","[0.0305, 0.0016]","[0.0284, 0.0014]","[0.0384, 0.0028]","[0.0219, 0.0009]","[0.117, 0.0045]","[0.0268, 0.0013]","[0.0236, 0.001]","[0.0214, 0.0009]","[0.0305, 0.0019]","[0.0152, 0.0005]","[0.0414, 0.0036]","[0.1051, 0.0062]","[0.1339, 0.0067]","[0.1574, 0.0072]","[0.0628, 0.0049]","[0.2668, 0.0086]"
CVNCF,150,1,128,128,0.0003333,,0.005,300,10,"[3.0881, 0.0528]","[0.031, 0.0019]","[0.0291, 0.0015]","[0.0274, 0.0013]","[0.0337, 0.0025]","[0.0215, 0.0008]","[0.1109, 0.0039]","[0.0277, 0.0014]","[0.0237, 0.001]","[0.0212, 0.0009]","[0.0314, 0.002]","[0.0153, 0.0005]","[0.0299, 0.0026]","[0.1069, 0.0062]","[0.1332, 0.0067]","[0.1572, 0.0072]","[0.0626, 0.0049]","[0.268, 0.0086]"
CVNCF,100,1,128,128,0.0003333,,0.005,300,10,"[3.0927, 0.0528]","[0.0347, 0.002]","[0.0314, 0.0017]","[0.0291, 0.0014]","[0.0404, 0.0029]","[0.0222, 0.0009]","[0.1181, 0.0045]","[0.0265, 0.0013]","[0.024, 0.001]","[0.0213, 0.0009]","[0.0335, 0.002]","[0.0153, 0.0005]","[0.0421, 0.0036]","[0.1029, 0.0061]","[0.1353, 0.0068]","[0.1581, 0.0072]","[0.0667, 0.0051]","[0.2661, 0.0087]"
