model,rank,num_layers,train_batch_size,predict_batch_size,lambda,topK,learning_rate,epoch,negative_sampling_size,Clicks,MAP@10,MAP@15,MAP@20,MAP@5,MAP@50,NDCG,Precision@10,Precision@15,Precision@20,Precision@5,Precision@50,R-Precision,Recall@10,Recall@15,Recall@20,Recall@5,Recall@50
CVNCF,250,1,128,128,0.0003333,,0.0001,300,10,"[3.1119, 0.0525]","[0.03, 0.0018]","[0.028, 0.0015]","[0.0265, 0.0013]","[0.0325, 0.0025]","[0.0211, 0.0009]","[0.1093, 0.0039]","[0.0257, 0.0013]","[0.0231, 0.001]","[0.0212, 0.0009]","[0.0296, 0.0019]","[0.0151, 0.0005]","[0.0307, 0.0028]","[0.0989, 0.0059]","[0.1302, 0.0066]","[0.1559, 0.0071]","[0.0603, 0.0048]","[0.264, 0.0086]"
CVNCF,200,1,128,128,0.0003333,,0.0001,300,10,"[3.1717, 0.0515]","[0.0286, 0.0018]","[0.0265, 0.0015]","[0.025, 0.0013]","[0.0313, 0.0024]","[0.0203, 0.0008]","[0.1062, 0.0039]","[0.0241, 0.0013]","[0.0211, 0.001]","[0.0199, 0.0009]","[0.029, 0.0019]","[0.015, 0.0005]","[0.0303, 0.0028]","[0.091, 0.0058]","[0.117, 0.0064]","[0.1421, 0.0069]","[0.0533, 0.0044]","[0.2643, 0.0086]"
CVNCF,150,1,128,128,0.0003333,,0.0001,300,10,"[3.141, 0.0523]","[0.0294, 0.0018]","[0.0275, 0.0015]","[0.026, 0.0013]","[0.0317, 0.0025]","[0.0205, 0.0008]","[0.1069, 0.004]","[0.0255, 0.0013]","[0.0227, 0.001]","[0.0204, 0.0008]","[0.0295, 0.0019]","[0.0145, 0.0005]","[0.0313, 0.0029]","[0.1004, 0.0061]","[0.1304, 0.0067]","[0.1534, 0.0071]","[0.0586, 0.0047]","[0.2577, 0.0085]"
CVNCF,100,1,128,128,0.0003333,,0.0001,300,10,"[3.2911, 0.0519]","[0.027, 0.0017]","[0.0253, 0.0014]","[0.0238, 0.0012]","[0.0292, 0.0023]","[0.0187, 0.0008]","[0.0964, 0.0038]","[0.0231, 0.0012]","[0.0209, 0.001]","[0.0189, 0.0008]","[0.0274, 0.0018]","[0.0129, 0.0005]","[0.0274, 0.0026]","[0.0926, 0.0058]","[0.1186, 0.0064]","[0.1398, 0.0068]","[0.0597, 0.0049]","[0.226, 0.0082]"
