model,rank,num_layers,train_batch_size,predict_batch_size,lambda,topK,learning_rate,epoch,negative_sampling_size,Clicks,MAP@10,MAP@15,MAP@20,MAP@5,MAP@50,NDCG,Precision@10,Precision@15,Precision@20,Precision@5,Precision@50,R-Precision,Recall@10,Recall@15,Recall@20,Recall@5,Recall@50
CVNCF,250,1,128,128,0.006667,,0.0006667,300,10,"[3.1012, 0.0525]","[0.0338, 0.002]","[0.0308, 0.0016]","[0.0286, 0.0014]","[0.0392, 0.0028]","[0.022, 0.0009]","[0.118, 0.0045]","[0.0265, 0.0013]","[0.0234, 0.001]","[0.021, 0.0009]","[0.0327, 0.002]","[0.0154, 0.0005]","[0.0413, 0.0036]","[0.103, 0.0061]","[0.1321, 0.0067]","[0.1545, 0.0071]","[0.0673, 0.0051]","[0.2701, 0.0087]"
CVNCF,200,1,128,128,0.006667,,0.0006667,300,10,"[3.09, 0.0528]","[0.0312, 0.0019]","[0.0291, 0.0015]","[0.0274, 0.0013]","[0.0341, 0.0025]","[0.0216, 0.0008]","[0.1114, 0.0039]","[0.0272, 0.0013]","[0.0237, 0.001]","[0.0212, 0.0009]","[0.0311, 0.002]","[0.0153, 0.0005]","[0.0305, 0.0026]","[0.1053, 0.0062]","[0.134, 0.0068]","[0.1572, 0.0072]","[0.0636, 0.005]","[0.2697, 0.0087]"
CVNCF,150,1,128,128,0.006667,,0.0006667,300,10,"[3.0841, 0.0527]","[0.0336, 0.002]","[0.0305, 0.0017]","[0.0284, 0.0014]","[0.0393, 0.0029]","[0.022, 0.0009]","[0.1172, 0.0045]","[0.0268, 0.0013]","[0.0233, 0.001]","[0.0212, 0.0009]","[0.0315, 0.002]","[0.0153, 0.0005]","[0.0408, 0.0036]","[0.1042, 0.0061]","[0.1325, 0.0067]","[0.1572, 0.0072]","[0.0615, 0.0049]","[0.2681, 0.0087]"
CVNCF,100,1,128,128,0.006667,,0.0006667,300,10,"[3.0836, 0.0526]","[0.034, 0.002]","[0.0308, 0.0016]","[0.0286, 0.0014]","[0.0391, 0.0028]","[0.0221, 0.0009]","[0.1178, 0.0045]","[0.0263, 0.0013]","[0.0232, 0.001]","[0.0214, 0.0009]","[0.0334, 0.002]","[0.0153, 0.0005]","[0.041, 0.0036]","[0.1024, 0.0061]","[0.1321, 0.0067]","[0.1585, 0.0072]","[0.067, 0.0051]","[0.2694, 0.0087]"
