model,rank,num_layers,train_batch_size,predict_batch_size,lambda,topK,learning_rate,epoch,negative_sampling_size,Clicks,MAP@10,MAP@15,MAP@20,MAP@5,MAP@50,NDCG,Precision@10,Precision@15,Precision@20,Precision@5,Precision@50,R-Precision,Recall@10,Recall@15,Recall@20,Recall@5,Recall@50
CVNCF,250,1,128,128,0.001,,0.003333,300,10,"[3.0801, 0.053]","[0.0319, 0.0019]","[0.0296, 0.0016]","[0.0277, 0.0014]","[0.0347, 0.0025]","[0.0218, 0.0009]","[0.1117, 0.0039]","[0.0275, 0.0013]","[0.0235, 0.001]","[0.0214, 0.0009]","[0.0314, 0.002]","[0.0153, 0.0005]","[0.0302, 0.0026]","[0.108, 0.0062]","[0.1327, 0.0067]","[0.1563, 0.0071]","[0.0606, 0.0048]","[0.2686, 0.0087]"
CVNCF,200,1,128,128,0.001,,0.003333,300,10,"[3.0897, 0.0529]","[0.0334, 0.002]","[0.0307, 0.0016]","[0.0285, 0.0014]","[0.0378, 0.0028]","[0.0219, 0.0009]","[0.1167, 0.0044]","[0.0276, 0.0013]","[0.0236, 0.001]","[0.0212, 0.0008]","[0.0319, 0.002]","[0.0153, 0.0005]","[0.0419, 0.0036]","[0.1079, 0.0062]","[0.1328, 0.0067]","[0.156, 0.0071]","[0.0615, 0.0048]","[0.2686, 0.0087]"
CVNCF,150,1,128,128,0.001,,0.003333,300,10,"[3.0897, 0.0527]","[0.0328, 0.002]","[0.0302, 0.0016]","[0.0282, 0.0014]","[0.0372, 0.0028]","[0.0219, 0.0009]","[0.1166, 0.0044]","[0.0266, 0.0013]","[0.0234, 0.001]","[0.0214, 0.0009]","[0.0293, 0.0019]","[0.0153, 0.0005]","[0.0406, 0.0036]","[0.1033, 0.0061]","[0.1333, 0.0068]","[0.1565, 0.0071]","[0.0585, 0.0047]","[0.2673, 0.0086]"
CVNCF,100,1,128,128,0.001,,0.003333,300,10,"[3.0871, 0.0528]","[0.0336, 0.002]","[0.0307, 0.0016]","[0.0286, 0.0014]","[0.0384, 0.0028]","[0.022, 0.0009]","[0.1172, 0.0044]","[0.0271, 0.0013]","[0.0235, 0.001]","[0.0213, 0.0009]","[0.0316, 0.002]","[0.0153, 0.0005]","[0.0412, 0.0036]","[0.1062, 0.0062]","[0.1331, 0.0067]","[0.1564, 0.0071]","[0.0614, 0.0048]","[0.2696, 0.0086]"
