model,rank,num_layers,train_batch_size,predict_batch_size,lambda,topK,learning_rate,epoch,negative_sampling_size,Clicks,MAP@10,MAP@15,MAP@20,MAP@5,MAP@50,NDCG,Precision@10,Precision@15,Precision@20,Precision@5,Precision@50,R-Precision,Recall@10,Recall@15,Recall@20,Recall@5,Recall@50
CVNCF,250,1,128,128,0.0006667,,0.0001,300,10,"[3.1498, 0.0518]","[0.0293, 0.0018]","[0.0271, 0.0015]","[0.0256, 0.0013]","[0.033, 0.0025]","[0.0206, 0.0008]","[0.1079, 0.004]","[0.0243, 0.0012]","[0.022, 0.001]","[0.0202, 0.0009]","[0.0286, 0.0018]","[0.0151, 0.0005]","[0.0336, 0.0031]","[0.088, 0.0055]","[0.1192, 0.0064]","[0.1459, 0.0069]","[0.0532, 0.0044]","[0.2623, 0.0086]"
CVNCF,200,1,128,128,0.0006667,,0.0001,300,10,"[3.2163, 0.0514]","[0.0266, 0.0018]","[0.0249, 0.0014]","[0.0236, 0.0013]","[0.0295, 0.0024]","[0.0192, 0.0008]","[0.1003, 0.0038]","[0.0224, 0.0012]","[0.021, 0.001]","[0.0192, 0.0008]","[0.0263, 0.0018]","[0.0142, 0.0005]","[0.0289, 0.0027]","[0.0847, 0.0055]","[0.117, 0.0063]","[0.1409, 0.0068]","[0.0511, 0.0044]","[0.2471, 0.0084]"
CVNCF,150,1,128,128,0.0006667,,0.0001,300,10,"[3.0852, 0.0524]","[0.0298, 0.0018]","[0.0281, 0.0015]","[0.0267, 0.0013]","[0.0313, 0.0024]","[0.0215, 0.0008]","[0.111, 0.0039]","[0.0264, 0.0013]","[0.0237, 0.001]","[0.0216, 0.0009]","[0.0305, 0.0019]","[0.0157, 0.0005]","[0.0331, 0.0029]","[0.0983, 0.0058]","[0.1306, 0.0066]","[0.1552, 0.0071]","[0.0601, 0.0047]","[0.2723, 0.0087]"
CVNCF,100,1,128,128,0.0006667,,0.0001,300,10,"[3.1405, 0.0519]","[0.0296, 0.0018]","[0.0275, 0.0015]","[0.026, 0.0013]","[0.0328, 0.0025]","[0.0209, 0.0008]","[0.1093, 0.0041]","[0.0248, 0.0013]","[0.0225, 0.001]","[0.0208, 0.0009]","[0.0287, 0.0019]","[0.0151, 0.0005]","[0.0336, 0.0031]","[0.0915, 0.0057]","[0.125, 0.0065]","[0.1516, 0.0071]","[0.0564, 0.0046]","[0.2648, 0.0086]"
