model,rank,num_layers,train_batch_size,predict_batch_size,lambda,topK,learning_rate,epoch,negative_sampling_size,Clicks,MAP@10,MAP@15,MAP@20,MAP@5,MAP@50,NDCG,Precision@10,Precision@15,Precision@20,Precision@5,Precision@50,R-Precision,Recall@10,Recall@15,Recall@20,Recall@5,Recall@50
CVNCF,250,1,128,128,0.0003333,,0.001,300,10,"[3.106, 0.0512]","[0.0292, 0.0019]","[0.0268, 0.0015]","[0.0254, 0.0013]","[0.0343, 0.0027]","[0.021, 0.0008]","[0.1135, 0.0041]","[0.0229, 0.0012]","[0.0214, 0.001]","[0.0206, 0.0009]","[0.0266, 0.0018]","[0.0161, 0.0005]","[0.0347, 0.0032]","[0.0835, 0.0054]","[0.1151, 0.0062]","[0.1477, 0.0069]","[0.0497, 0.0043]","[0.2802, 0.0087]"
CVNCF,200,1,128,128,0.0003333,,0.001,300,10,"[3.0905, 0.0524]","[0.0317, 0.0019]","[0.0291, 0.0016]","[0.0272, 0.0014]","[0.0354, 0.0027]","[0.0216, 0.0009]","[0.1132, 0.0042]","[0.0265, 0.0013]","[0.0224, 0.001]","[0.021, 0.0009]","[0.0306, 0.0019]","[0.0156, 0.0005]","[0.0363, 0.0033]","[0.0986, 0.0059]","[0.1225, 0.0064]","[0.1517, 0.007]","[0.0574, 0.0046]","[0.2701, 0.0086]"
CVNCF,150,1,128,128,0.0003333,,0.001,300,10,"[3.1162, 0.0518]","[0.0284, 0.0018]","[0.0266, 0.0015]","[0.0253, 0.0013]","[0.031, 0.0024]","[0.0208, 0.0008]","[0.1072, 0.0037]","[0.0243, 0.0013]","[0.0219, 0.001]","[0.021, 0.0009]","[0.0288, 0.0019]","[0.0158, 0.0005]","[0.028, 0.0025]","[0.087, 0.0054]","[0.1187, 0.0063]","[0.148, 0.0069]","[0.0502, 0.0042]","[0.2724, 0.0087]"
CVNCF,100,1,128,128,0.0003333,,0.001,300,10,"[3.0889, 0.0531]","[0.0328, 0.002]","[0.0303, 0.0016]","[0.0285, 0.0014]","[0.037, 0.0028]","[0.0224, 0.0009]","[0.1139, 0.0042]","[0.0274, 0.0013]","[0.0242, 0.0011]","[0.0224, 0.0009]","[0.031, 0.0019]","[0.0157, 0.0005]","[0.0353, 0.0032]","[0.101, 0.0059]","[0.1303, 0.0065]","[0.1586, 0.0071]","[0.0591, 0.0046]","[0.2641, 0.0086]"
