model,rank,num_layers,train_batch_size,predict_batch_size,lambda,topK,learning_rate,epoch,negative_sampling_size,Clicks,MAP@10,MAP@15,MAP@20,MAP@5,MAP@50,NDCG,Precision@10,Precision@15,Precision@20,Precision@5,Precision@50,R-Precision,Recall@10,Recall@15,Recall@20,Recall@5,Recall@50
CVNCF,250,1,128,128,0.0006667,,0.0005,300,10,"[3.0502, 0.0524]","[0.0318, 0.0019]","[0.0294, 0.0016]","[0.0277, 0.0014]","[0.0355, 0.0027]","[0.0222, 0.0009]","[0.115, 0.0041]","[0.0263, 0.0013]","[0.0237, 0.001]","[0.0219, 0.0009]","[0.031, 0.002]","[0.0161, 0.0005]","[0.0352, 0.0031]","[0.099, 0.0059]","[0.1327, 0.0067]","[0.1599, 0.0072]","[0.0572, 0.0046]","[0.2773, 0.0087]"
CVNCF,200,1,128,128,0.0006667,,0.0005,300,10,"[3.0767, 0.0521]","[0.0285, 0.0019]","[0.0271, 0.0015]","[0.0258, 0.0013]","[0.0314, 0.0025]","[0.0213, 0.0009]","[0.1101, 0.0039]","[0.0252, 0.0013]","[0.0234, 0.001]","[0.0214, 0.0009]","[0.0272, 0.0018]","[0.0159, 0.0005]","[0.0301, 0.0028]","[0.0913, 0.0056]","[0.1255, 0.0064]","[0.1545, 0.007]","[0.0485, 0.0042]","[0.2766, 0.0087]"
CVNCF,150,1,128,128,0.0006667,,0.0005,300,10,"[3.0179, 0.0527]","[0.0307, 0.0018]","[0.029, 0.0015]","[0.0277, 0.0013]","[0.0321, 0.0024]","[0.0223, 0.0009]","[0.1127, 0.0037]","[0.0278, 0.0013]","[0.0248, 0.0011]","[0.0226, 0.0009]","[0.0307, 0.0019]","[0.0163, 0.0005]","[0.0273, 0.0023]","[0.1034, 0.006]","[0.1361, 0.0067]","[0.1632, 0.0072]","[0.0582, 0.0046]","[0.2832, 0.0088]"
CVNCF,100,1,128,128,0.0006667,,0.0005,300,10,"[3.0101, 0.0528]","[0.0335, 0.002]","[0.0309, 0.0016]","[0.029, 0.0014]","[0.0383, 0.0028]","[0.0229, 0.0009]","[0.117, 0.0041]","[0.0274, 0.0013]","[0.0246, 0.0011]","[0.0226, 0.0009]","[0.0316, 0.002]","[0.0163, 0.0005]","[0.0356, 0.003]","[0.0997, 0.0058]","[0.1331, 0.0066]","[0.1621, 0.0072]","[0.058, 0.0046]","[0.2787, 0.0087]"
