model,rank,num_layers,train_batch_size,predict_batch_size,lambda,topK,learning_rate,epoch,negative_sampling_size,Clicks,MAP@10,MAP@15,MAP@20,MAP@5,MAP@50,NDCG,Precision@10,Precision@15,Precision@20,Precision@5,Precision@50,R-Precision,Recall@10,Recall@15,Recall@20,Recall@5,Recall@50
CVNCF,250,1,128,128,0.006667,,0.003333,300,10,"[3.086, 0.0529]","[0.0343, 0.002]","[0.0311, 0.0017]","[0.0289, 0.0014]","[0.0398, 0.0029]","[0.0221, 0.0009]","[0.1178, 0.0045]","[0.0269, 0.0013]","[0.0234, 0.001]","[0.0215, 0.0009]","[0.0322, 0.002]","[0.0153, 0.0005]","[0.042, 0.0036]","[0.1057, 0.0062]","[0.1323, 0.0067]","[0.1582, 0.0072]","[0.0647, 0.005]","[0.2678, 0.0086]"
CVNCF,200,1,128,128,0.006667,,0.003333,300,10,"[3.0847, 0.0528]","[0.0339, 0.002]","[0.0308, 0.0016]","[0.0286, 0.0014]","[0.0385, 0.0028]","[0.0221, 0.0009]","[0.1173, 0.0044]","[0.0267, 0.0013]","[0.0234, 0.001]","[0.0214, 0.0009]","[0.033, 0.002]","[0.0153, 0.0005]","[0.0419, 0.0036]","[0.1061, 0.0062]","[0.1331, 0.0067]","[0.1572, 0.0072]","[0.0664, 0.005]","[0.2671, 0.0086]"
CVNCF,150,1,128,128,0.006667,,0.003333,300,10,"[3.0793, 0.0529]","[0.0331, 0.002]","[0.0304, 0.0016]","[0.0284, 0.0014]","[0.0377, 0.0028]","[0.0219, 0.0009]","[0.1175, 0.0044]","[0.0274, 0.0013]","[0.0236, 0.001]","[0.0214, 0.0009]","[0.0304, 0.0019]","[0.0153, 0.0005]","[0.0409, 0.0036]","[0.1078, 0.0062]","[0.1346, 0.0068]","[0.1582, 0.0072]","[0.0621, 0.0049]","[0.2697, 0.0087]"
CVNCF,100,1,128,128,0.006667,,0.003333,300,10,"[3.0788, 0.0529]","[0.0339, 0.002]","[0.0309, 0.0017]","[0.0287, 0.0014]","[0.039, 0.0028]","[0.0221, 0.0009]","[0.1178, 0.0045]","[0.0272, 0.0013]","[0.0235, 0.001]","[0.0214, 0.0009]","[0.0316, 0.002]","[0.0153, 0.0005]","[0.0413, 0.0036]","[0.1066, 0.0062]","[0.1334, 0.0068]","[0.1585, 0.0072]","[0.0617, 0.0049]","[0.2703, 0.0087]"
