MAP@10,MAP@20,MAP@5,model
0.006924801587301587,0.0077775299648751624,0.004530000000000002,CVNCF
0.004222859782923391,0.0035017018330346763,0.004885267450741896,CVNCF
0.014714166666666664,0.01165095264406216,0.019809999999999998,CNCF
0.0016949605410234935,0.0010576900260810627,0.0026978693783225806,CNCF
